[
{
  "model": "users.customuser",
  "fields": {
    "password": "pbkdf2_sha256$1000000$y66FEdyGr3u2ObsHtIx3qa$GBXotGPDvzjmid8WTEEddTVnkZKobzKyySsonDMjX0M=",
    "last_login": null,
    "is_superuser": false,
    "username": "adamd",
    "first_name": "",
    "last_name": "",
    "is_staff": false,
    "is_active": true,
    "date_joined": "2025-10-03T14:29:11.646Z",
    "email": "adamdasovich@gmail.com",
    "age_verified": false,
    "date_of_birth": "1972-01-02",
    "phone_number": "",
    "created_at": "2025-10-03T14:29:11.942Z",
    "updated_at": "2025-10-03T14:29:11.942Z",
    "groups": [],
    "user_permissions": []
  }
},
{
  "model": "users.customuser",
  "fields": {
    "password": "pbkdf2_sha256$1000000$QTNSmSRmFiNQk2KjphXqqG$cHoRQx+ikRwmr+P9Sk9czf2XeH8s/1rsvKB2bWJBIzU=",
    "last_login": "2025-10-03T14:50:38.277Z",
    "is_superuser": true,
    "username": "adam",
    "first_name": "",
    "last_name": "",
    "is_staff": true,
    "is_active": true,
    "date_joined": "2025-10-03T14:50:12.013Z",
    "email": "dasovichadam@gmail.com",
    "age_verified": false,
    "date_of_birth": null,
    "phone_number": "",
    "created_at": "2025-10-03T14:50:12.293Z",
    "updated_at": "2025-10-03T14:50:12.293Z",
    "groups": [],
    "user_permissions": []
  }
},
{
  "model": "users.customuser",
  "fields": {
    "password": "pbkdf2_sha256$1000000$hiPGGVcebyknom51JaOhNP$6+5ascNPYTEJ5pRKfCs6+fFqNtcNy9MWIFCBwRMMEr0=",
    "last_login": null,
    "is_superuser": false,
    "username": "bobby",
    "first_name": "",
    "last_name": "",
    "is_staff": false,
    "is_active": true,
    "date_joined": "2025-10-06T14:36:33.890Z",
    "email": "bobby@gmail.com",
    "age_verified": false,
    "date_of_birth": "1981-01-02",
    "phone_number": "",
    "created_at": "2025-10-06T14:36:34.178Z",
    "updated_at": "2025-10-06T14:36:34.178Z",
    "groups": [],
    "user_permissions": []
  }
},
{
  "model": "users.customuser",
  "fields": {
    "password": "pbkdf2_sha256$1000000$G09cdYBOPabARPSUJtEZSr$cPTss9XwUXq2Yxsca14AEA+6kLgqatOME4RzM9eEHh4=",
    "last_login": null,
    "is_superuser": false,
    "username": "devon69",
    "first_name": "",
    "last_name": "",
    "is_staff": false,
    "is_active": true,
    "date_joined": "2025-10-06T15:26:27.601Z",
    "email": "devon@gmail.com",
    "age_verified": false,
    "date_of_birth": "1998-01-02",
    "phone_number": "",
    "created_at": "2025-10-06T15:26:27.895Z",
    "updated_at": "2025-10-06T15:26:27.895Z",
    "groups": [],
    "user_permissions": []
  }
},
{
  "model": "products.category",
  "pk": 1,
  "fields": {
    "name": "Electronics",
    "slug": "electronics",
    "description": "Things that need electricity",
    "image": "categories/one_stool_with_back_from_back.jpg",
    "created_at": "2025-10-03T14:52:21.190Z",
    "updated_at": "2025-10-03T14:52:21.190Z"
  }
},
{
  "model": "products.product",
  "pk": 1,
  "fields": {
    "name": "Pink Phone",
    "slug": "pink-phone",
    "description": "A very cute phone",
    "price": "300.00",
    "category": 1,
    "stock_quantity": 5,
    "sku": "425-SHS-THR",
    "is_active": true,
    "created_at": "2025-10-03T14:54:09.114Z",
    "updated_at": "2025-10-03T14:56:15.759Z"
  }
},
{
  "model": "products.productimage",
  "pk": 2,
  "fields": {
    "product": 1,
    "image": "products/pink_phone.jpg",
    "is_primary": true,
    "order": 0,
    "created_at": "2025-10-03T14:56:15.759Z"
  }
},
{
  "model": "products.productvideo",
  "pk": 1,
  "fields": {
    "product": 1,
    "title": "TESTING",
    "description": "",
    "video_file": "products/videos/green_house.mp4",
    "thumbnail": "products/video_thumbnails/fire_place_fixture.jpg",
    "duration": 22,
    "file_size": 102,
    "created_at": "2025-10-03T14:54:09.131Z"
  }
},
{
  "model": "ratings.productrating",
  "pk": 2,
  "fields": {
    "user": [
      "adamd"
    ],
    "product": 1,
    "rating": 3,
    "review": "This phone is shit",
    "created_at": "2025-10-07T16:47:38.066Z",
    "updated_at": "2025-10-07T16:47:38.066Z"
  }
},
{
  "model": "ratings.productrating",
  "pk": 1,
  "fields": {
    "user": [
      "bobby"
    ],
    "product": 1,
    "rating": 2,
    "review": "",
    "created_at": "2025-10-06T15:58:01.582Z",
    "updated_at": "2025-10-06T15:58:01.582Z"
  }
},
{
  "model": "comments.productcomment",
  "pk": 4,
  "fields": {
    "user": [
      "bobby"
    ],
    "product": 1,
    "content": "Hey Sammy, what's going on today?",
    "parent_comment": null,
    "is_edited": false,
    "created_at": "2025-10-07T16:49:35.943Z",
    "updated_at": "2025-10-07T16:49:35.943Z"
  }
},
{
  "model": "comments.productcomment",
  "pk": 3,
  "fields": {
    "user": [
      "bobby"
    ],
    "product": 1,
    "content": "Who let the dogs out?",
    "parent_comment": null,
    "is_edited": false,
    "created_at": "2025-10-07T16:49:10.036Z",
    "updated_at": "2025-10-07T16:49:10.036Z"
  }
},
{
  "model": "comments.productcomment",
  "pk": 2,
  "fields": {
    "user": [
      "adamd"
    ],
    "product": 1,
    "content": "Not so bad bobby",
    "parent_comment": null,
    "is_edited": false,
    "created_at": "2025-10-07T11:59:07.174Z",
    "updated_at": "2025-10-07T11:59:07.174Z"
  }
},
{
  "model": "comments.productcomment",
  "pk": 1,
  "fields": {
    "user": [
      "bobby"
    ],
    "product": 1,
    "content": "Hey adam, how are you",
    "parent_comment": null,
    "is_edited": false,
    "created_at": "2025-10-07T11:58:53.657Z",
    "updated_at": "2025-10-07T11:58:53.657Z"
  }
},
{
  "model": "games.gamecategory",
  "pk": 1,
  "fields": {
    "name": "Interactive",
    "slug": "interactive",
    "description": "Interactive adult games",
    "icon": "🎮",
    "created_at": "2025-10-07T12:19:40.984Z"
  }
},
{
  "model": "games.game",
  "pk": 1,
  "fields": {
    "name": "Sensual Memory Match",
    "slug": "memory-match",
    "description": "Test your memory with a sexy twist",
    "short_description": "Match pairs of sensual images",
    "category": 1,
    "game_url": "/games/memory-match",
    "thumbnail": "",
    "preview_gif": "",
    "difficulty": "easy",
    "play_count": 2,
    "average_rating": "0.00",
    "duration_minutes": 5,
    "is_featured": true,
    "is_active": true,
    "requires_account": false,
    "age_restricted": true,
    "created_at": "2025-10-07T12:19:41.006Z",
    "updated_at": "2025-10-07T12:26:01.634Z"
  }
},
{
  "model": "games.game",
  "pk": 3,
  "fields": {
    "name": "Naughty Truth or Dare",
    "slug": "truth-or-dare",
    "description": "Explore your wild side with provocative questions and daring challenges. This adult version takes the classic game to new heights of sensuality.",
    "short_description": "Answer questions or complete daring challenges",
    "category": 1,
    "game_url": "https://example.com/truth-or-dare",
    "thumbnail": "",
    "preview_gif": "",
    "difficulty": "medium",
    "play_count": 1,
    "average_rating": "0.00",
    "duration_minutes": 20,
    "is_featured": true,
    "is_active": true,
    "requires_account": false,
    "age_restricted": true,
    "created_at": "2025-10-07T12:28:05.871Z",
    "updated_at": "2025-10-07T12:28:05.871Z"
  }
},
{
  "model": "games.game",
  "pk": 2,
  "fields": {
    "name": "Spin the Bottle",
    "slug": "spin-the-bottle",
    "description": "A digital twist on the classic party game. Spin the bottle and see where destiny takes you. Perfect for couples or groups looking to spice things up.",
    "short_description": "Classic party game with a sexy twist",
    "category": 1,
    "game_url": "https://example.com/spin-the-bottle",
    "thumbnail": "",
    "preview_gif": "",
    "difficulty": "easy",
    "play_count": 0,
    "average_rating": "0.00",
    "duration_minutes": 10,
    "is_featured": false,
    "is_active": true,
    "requires_account": false,
    "age_restricted": true,
    "created_at": "2025-10-07T12:28:05.861Z",
    "updated_at": "2025-10-07T12:28:05.861Z"
  }
},
{
  "model": "games.gameprogress",
  "pk": 2,
  "fields": {
    "user": [
      "adamd"
    ],
    "game": 3,
    "progress_data": {},
    "completed": false,
    "last_played": "2025-10-07T12:42:37.622Z",
    "play_time_minutes": 0,
    "created_at": "2025-10-07T12:42:37.622Z"
  }
},
{
  "model": "games.gameprogress",
  "pk": 1,
  "fields": {
    "user": [
      "adamd"
    ],
    "game": 1,
    "progress_data": {},
    "completed": false,
    "last_played": "2025-10-07T12:41:06.369Z",
    "play_time_minutes": 0,
    "created_at": "2025-10-07T12:20:34.451Z"
  }
},
{
  "model": "games.dailymemoryimages",
  "pk": 1,
  "fields": {
    "date": "2025-10-07",
    "theme": "Crimson Temptation",
    "description": "A seductive collection celebrating the allure of red - from velvety rose petals and scarlet lips to ruby wine and passionate crimson textures. This set embodies desire, luxury, and intimate romance.",
    "images": [
      "https://images.unsplash.com/photo-1515688594390-b649af70d282?w=400&q=80",
      "https://images.unsplash.com/photo-1571875257727-256c39da42af?w=400&q=80",
      "https://images.unsplash.com/photo-1505932049984-db368d92e1e2?w=400&q=80",
      "https://images.unsplash.com/photo-1583939003579-730e3918a45a?w=400&q=80",
      "https://images.unsplash.com/photo-1514866726862-0f081731e359?w=400&q=80",
      "https://images.unsplash.com/photo-1602173574767-37ac01994b2a?w=400&q=80",
      "https://images.unsplash.com/photo-1509909756405-c7e5c09f4c7d?w=400&q=80",
      "https://images.unsplash.com/photo-1587334207898-37fef90389c5?w=400&q=80"
    ],
    "is_active": true,
    "created_at": "2025-10-07T12:38:16.249Z",
    "updated_at": "2025-10-07T12:38:16.249Z"
  }
},
{
  "model": "trivia.dailytrivia",
  "pk": 7,
  "fields": {
    "date": "2025-10-07",
    "theme": "Enchanting Encounters",
    "description": "Journey through history's most captivating moments of passion, desire, and seduction. From ancient aphrodisiacs to modern romance, test your knowledge of love's most intriguing secrets.",
    "is_active": true,
    "created_at": "2025-10-07T12:05:33.799Z"
  }
},
{
  "model": "trivia.dailytrivia",
  "pk": 4,
  "fields": {
    "date": "2025-10-06",
    "theme": "Seductive Secrets & Passionate History",
    "description": "Explore the witty, sensual, and intriguing world of adult knowledge with 15 captivating questions",
    "is_active": true,
    "created_at": "2025-10-06T15:02:08.545Z"
  }
},
{
  "model": "trivia.triviaquestion",
  "pk": 39,
  "fields": {
    "daily_trivia": 7,
    "question_text": "Which famous lover sent over 600 passionate love letters to his mistress, now considered literary masterpieces of romantic prose?",
    "question_type": "multiple_choice",
    "difficulty": "easy",
    "option_a": "",
    "option_b": "",
    "option_c": "",
    "option_d": "",
    "options": {
      "A": "Napoleon Bonaparte to Josephine",
      "B": "Lord Byron to Lady Caroline Lamb",
      "C": "Henry VIII to Anne Boleyn",
      "D": "Casanova to multiple women"
    },
    "correct_answer": "A",
    "explanation": "Napoleon Bonaparte wrote hundreds of intensely passionate letters to Josephine during his military campaigns. His letters reveal a vulnerable, deeply romantic side, with lines like 'I awake filled with you.' These epistles are now treasured as some of history's most ardent expressions of desire.",
    "points_easy": 10,
    "points_medium": 20,
    "points_hard": 30,
    "order": 1,
    "created_at": "2025-10-07T12:05:33.820Z"
  }
},
{
  "model": "trivia.triviaquestion",
  "pk": 40,
  "fields": {
    "daily_trivia": 7,
    "question_text": "The ancient Romans believed that which body part was directly connected to the heart by a vein, making it the perfect finger for a wedding ring?",
    "question_type": "multiple_choice",
    "difficulty": "easy",
    "option_a": "",
    "option_b": "",
    "option_c": "",
    "option_d": "",
    "options": {
      "A": "Right thumb",
      "B": "Left ring finger",
      "C": "Right index finger",
      "D": "Left pinky finger"
    },
    "correct_answer": "B",
    "explanation": "The Romans called this the 'Vena Amoris' or 'Vein of Love,' believing it ran directly from the left ring finger to the heart. While anatomically incorrect, this romantic notion has persisted for millennia, influencing wedding traditions across cultures worldwide.",
    "points_easy": 10,
    "points_medium": 20,
    "points_hard": 30,
    "order": 2,
    "created_at": "2025-10-07T12:05:33.826Z"
  }
},
{
  "model": "trivia.triviaquestion",
  "pk": 41,
  "fields": {
    "daily_trivia": 7,
    "question_text": "True or False: Chocolate contains phenylethylamine, the same chemical your brain produces when you fall in love.",
    "question_type": "true_false",
    "difficulty": "easy",
    "option_a": "",
    "option_b": "",
    "option_c": "",
    "option_d": "",
    "options": null,
    "correct_answer": "True",
    "explanation": "Chocolate indeed contains phenylethylamine (PEA), often called the 'love drug.' This compound triggers the release of endorphins and creates feelings similar to being in love. However, most PEA in chocolate is metabolized before reaching the brain—but the placebo effect and other compounds like serotonin boosters still work their magic.",
    "points_easy": 10,
    "points_medium": 20,
    "points_hard": 30,
    "order": 3,
    "created_at": "2025-10-07T12:05:33.833Z"
  }
},
{
  "model": "trivia.triviaquestion",
  "pk": 42,
  "fields": {
    "daily_trivia": 7,
    "question_text": "Which of these flowers was NOT traditionally considered an aphrodisiac in Victorian England?",
    "question_type": "multiple_choice",
    "difficulty": "easy",
    "option_a": "",
    "option_b": "",
    "option_c": "",
    "option_d": "",
    "options": {
      "A": "Orchids",
      "B": "Roses",
      "C": "Daisies",
      "D": "Jasmine"
    },
    "correct_answer": "C",
    "explanation": "While daisies symbolized innocence and purity, orchids, roses, and jasmine were all considered potent symbols of passion. Orchids were particularly prized—their very name derives from the Greek word for testicle, and Victorians believed their exotic blooms could stimulate desire.",
    "points_easy": 10,
    "points_medium": 20,
    "points_hard": 30,
    "order": 4,
    "created_at": "2025-10-07T12:05:33.833Z"
  }
},
{
  "model": "trivia.triviaquestion",
  "pk": 43,
  "fields": {
    "daily_trivia": 7,
    "question_text": "What percentage of human attraction is determined by scent, according to research on pheromones and olfactory attraction?",
    "question_type": "multiple_choice",
    "difficulty": "easy",
    "option_a": "",
    "option_b": "",
    "option_c": "",
    "option_d": "",
    "options": {
      "A": "10-15%",
      "B": "30-40%",
      "C": "50-60%",
      "D": "70-80%"
    },
    "correct_answer": "B",
    "explanation": "Scientific studies suggest that 30-40% of initial attraction is influenced by scent and pheromones. Our noses can detect genetic compatibility through the major histocompatibility complex (MHC), unconsciously guiding us toward partners who would produce the healthiest offspring—nature's sophisticated matchmaking system.",
    "points_easy": 10,
    "points_medium": 20,
    "points_hard": 30,
    "order": 5,
    "created_at": "2025-10-07T12:05:33.833Z"
  }
},
{
  "model": "trivia.triviaquestion",
  "pk": 44,
  "fields": {
    "daily_trivia": 7,
    "question_text": "In ancient Greece, which food was so strongly associated with sexuality that newlyweds were required to consume it on their wedding night?",
    "question_type": "multiple_choice",
    "difficulty": "medium",
    "option_a": "",
    "option_b": "",
    "option_c": "",
    "option_d": "",
    "options": {
      "A": "Oysters",
      "B": "Figs",
      "C": "Honey",
      "D": "Pomegranates"
    },
    "correct_answer": "C",
    "explanation": "Honey was considered sacred to the goddess of love, Aphrodite. Greek newlyweds drank mead (fermented honey) during their first month of marriage—the origin of the term 'honeymoon.' Honey's natural sugars provide energy, and it contains boron, which helps regulate estrogen and testosterone levels.",
    "points_easy": 10,
    "points_medium": 20,
    "points_hard": 30,
    "order": 6,
    "created_at": "2025-10-07T12:05:33.850Z"
  }
},
{
  "model": "trivia.triviaquestion",
  "pk": 45,
  "fields": {
    "daily_trivia": 7,
    "question_text": "True or False: The term 'erotic' comes from Eros, the Greek god of love, who was considered more mischievous than his Roman counterpart Cupid.",
    "question_type": "true_false",
    "difficulty": "medium",
    "option_a": "",
    "option_b": "",
    "option_c": "",
    "option_d": "",
    "options": null,
    "correct_answer": "True",
    "explanation": "The word 'erotic' indeed derives from Eros, the primordial Greek god representing passionate, romantic love and desire. Unlike the cherubic Cupid of later Roman tradition, Eros was often depicted as a handsome youth wielding powerful arrows that could make even gods fall hopelessly in love—or lust.",
    "points_easy": 10,
    "points_medium": 20,
    "points_hard": 30,
    "order": 7,
    "created_at": "2025-10-07T12:05:33.850Z"
  }
},
{
  "model": "trivia.triviaquestion",
  "pk": 46,
  "fields": {
    "daily_trivia": 7,
    "question_text": "Which infamous literary work was banned in multiple countries but became the subject of a landmark 1960 obscenity trial that changed publishing forever?",
    "question_type": "multiple_choice",
    "difficulty": "medium",
    "option_a": "",
    "option_b": "",
    "option_c": "",
    "option_d": "",
    "options": {
      "A": "Tropic of Cancer by Henry Miller",
      "B": "Lady Chatterley's Lover by D.H. Lawrence",
      "C": "Fanny Hill by John Cleland",
      "D": "Ulysses by James Joyce"
    },
    "correct_answer": "B",
    "explanation": "D.H. Lawrence's 'Lady Chatterley's Lover' faced a famous trial in the UK in 1960. Penguin Books was prosecuted for publishing the uncensored edition. The defense argued for its literary merit, and the acquittal revolutionized censorship laws, allowing for frank discussions of sexuality in literature if deemed artistic.",
    "points_easy": 10,
    "points_medium": 20,
    "points_hard": 30,
    "order": 8,
    "created_at": "2025-10-07T12:05:33.862Z"
  }
},
{
  "model": "trivia.triviaquestion",
  "pk": 47,
  "fields": {
    "daily_trivia": 7,
    "question_text": "The practice of Tantra, often associated with prolonged intimate experiences, originated in which time period?",
    "question_type": "multiple_choice",
    "difficulty": "medium",
    "option_a": "",
    "option_b": "",
    "option_c": "",
    "option_d": "",
    "options": {
      "A": "500-300 BCE",
      "B": "100-300 CE",
      "C": "500-800 CE",
      "D": "1000-1200 CE"
    },
    "correct_answer": "C",
    "explanation": "Tantric practices emerged in India between 500-800 CE, blending Buddhist and Hindu traditions. Far from purely physical, authentic Tantra is a spiritual discipline using breathwork, meditation, and mindful connection to achieve transcendence. The intimate aspects represent only one path among many in this ancient philosophical system.",
    "points_easy": 10,
    "points_medium": 20,
    "points_hard": 30,
    "order": 9,
    "created_at": "2025-10-07T12:05:33.866Z"
  }
},
{
  "model": "trivia.triviaquestion",
  "pk": 48,
  "fields": {
    "daily_trivia": 7,
    "question_text": "True or False: The human lips have more nerve endings per square inch than fingertips, making them one of the body's most sensitive erogenous zones.",
    "question_type": "true_false",
    "difficulty": "medium",
    "option_a": "",
    "option_b": "",
    "option_c": "",
    "option_d": "",
    "options": null,
    "correct_answer": "True",
    "explanation": "Lips contain over one million nerve endings, giving them extraordinary sensitivity—more concentrated than fingertips. This abundance of nerve receptors explains why kissing is such an intimate, sensual experience. The lips connect directly to the brain's pleasure centers, releasing dopamine and oxytocin with every touch.",
    "points_easy": 10,
    "points_medium": 20,
    "points_hard": 30,
    "order": 10,
    "created_at": "2025-10-07T12:05:33.866Z"
  }
},
{
  "model": "trivia.triviaquestion",
  "pk": 49,
  "fields": {
    "daily_trivia": 7,
    "question_text": "Which medieval spice was once worth more than gold and believed to possess such potent aphrodisiac properties that it was restricted by monasteries?",
    "question_type": "multiple_choice",
    "difficulty": "hard",
    "option_a": "",
    "option_b": "",
    "option_c": "",
    "option_d": "",
    "options": {
      "A": "Cinnamon",
      "B": "Saffron",
      "C": "Cardamom",
      "D": "Nutmeg"
    },
    "correct_answer": "B",
    "explanation": "Saffron, the world's most expensive spice, was believed to enhance desire and stamina. Medieval monasteries limited its use, fearing it would inflame carnal passions. Modern science validates some claims—saffron contains compounds that may improve mood and increase blood flow. It took 75,000 crocus flowers to produce one pound of saffron, justifying its astronomical value.",
    "points_easy": 10,
    "points_medium": 20,
    "points_hard": 30,
    "order": 11,
    "created_at": "2025-10-07T12:05:33.866Z"
  }
},
{
  "model": "trivia.triviaquestion",
  "pk": 50,
  "fields": {
    "daily_trivia": 7,
    "question_text": "The 'Kama Sutra' is often misunderstood as purely a manual of intimate positions. What percentage of the text actually addresses physical positions versus philosophy, courtship, and relationships?",
    "question_type": "multiple_choice",
    "difficulty": "hard",
    "option_a": "",
    "option_b": "",
    "option_c": "",
    "option_d": "",
    "options": {
      "A": "80% positions, 20% other",
      "B": "50% positions, 50% other",
      "C": "20% positions, 80% other",
      "D": "5% positions, 95% other"
    },
    "correct_answer": "C",
    "explanation": "Only about 20% of Vatsyayana's 'Kama Sutra' (written around 400 BCE) discusses physical positions. The remaining 80% explores the philosophy of desire, the nature of love, courtship rituals, marriage dynamics, and the cultivation of pleasure as part of a meaningful life. It's essentially a sophisticated treatise on relationships and human connection.",
    "points_easy": 10,
    "points_medium": 20,
    "points_hard": 30,
    "order": 12,
    "created_at": "2025-10-07T12:05:33.887Z"
  }
},
{
  "model": "trivia.triviaquestion",
  "pk": 51,
  "fields": {
    "daily_trivia": 7,
    "question_text": "True or False: The clitoris contains approximately 8,000 nerve endings, more than any other part of the human body, and is the only human organ dedicated solely to pleasure.",
    "question_type": "true_false",
    "difficulty": "hard",
    "option_a": "",
    "option_b": "",
    "option_c": "",
    "option_d": "",
    "options": null,
    "correct_answer": "True",
    "explanation": "This remarkable anatomical fact wasn't fully documented until the late 20th century. The clitoris has roughly 8,000 nerve endings (double that of the penis) and is indeed the only human organ with no function other than providing pleasure. Most of its structure is internal, extending several inches inside the body—the external glans is merely the tip.",
    "points_easy": 10,
    "points_medium": 20,
    "points_hard": 30,
    "order": 13,
    "created_at": "2025-10-07T12:05:33.893Z"
  }
},
{
  "model": "trivia.triviaquestion",
  "pk": 52,
  "fields": {
    "daily_trivia": 7,
    "question_text": "Which pioneering sexologist published 'Studies in the Psychology of Sex' in 1897, challenging Victorian-era taboos and laying groundwork for modern sexual research?",
    "question_type": "multiple_choice",
    "difficulty": "hard",
    "option_a": "",
    "option_b": "",
    "option_c": "",
    "option_d": "",
    "options": {
      "A": "Sigmund Freud",
      "B": "Havelock Ellis",
      "C": "Alfred Kinsey",
      "D": "Wilhelm Reich"
    },
    "correct_answer": "B",
    "explanation": "Havelock Ellis was a revolutionary British physician whose seven-volume work challenged Victorian morality by treating sexuality as a legitimate area of scientific study. He advocated for women's sexual fulfillment, discussed homosexuality without condemnation, and argued that sexual expression was essential to human happiness—radical ideas in the 1890s that influenced generations of researchers.",
    "points_easy": 10,
    "points_medium": 20,
    "points_hard": 30,
    "order": 14,
    "created_at": "2025-10-07T12:05:33.898Z"
  }
},
{
  "model": "trivia.triviaquestion",
  "pk": 53,
  "fields": {
    "daily_trivia": 7,
    "question_text": "In ancient Rome, what did wealthy women wear around their necks as a symbol of sexual sophistication and to allegedly enhance their allure?",
    "question_type": "multiple_choice",
    "difficulty": "hard",
    "option_a": "",
    "option_b": "",
    "option_c": "",
    "option_d": "",
    "options": {
      "A": "Chains made from their lovers' hair",
      "B": "Pearl necklaces (pearls were dissolved in vinegar and consumed as aphrodisiacs)",
      "C": "Amulets shaped like fascinus (phallus symbols)",
      "D": "Collars inscribed with erotic poetry"
    },
    "correct_answer": "C",
    "explanation": "Roman women of status wore fascinus amulets—stylized phallic symbols believed to ward off evil and enhance fertility and desire. Far from being crude, these were sophisticated jewelry pieces in gold and precious stones. The phallus represented divine masculine power and protection, central to Roman religious and cultural life. These amulets adorned everything from doorways to jewelry.",
    "points_easy": 10,
    "points_medium": 20,
    "points_hard": 30,
    "order": 15,
    "created_at": "2025-10-07T12:05:33.900Z"
  }
},
{
  "model": "trivia.triviaquestion",
  "pk": 9,
  "fields": {
    "daily_trivia": 4,
    "question_text": "Which ancient civilization is credited with creating the Kama Sutra, the legendary guide to love and pleasure?",
    "question_type": "multiple_choice",
    "difficulty": "easy",
    "option_a": "",
    "option_b": "",
    "option_c": "",
    "option_d": "",
    "options": {
      "A": "Ancient Egypt",
      "B": "Ancient India",
      "C": "Ancient Greece",
      "D": "Ancient Rome"
    },
    "correct_answer": "B",
    "explanation": "The Kama Sutra was written in ancient India around 400 BCE by Vatsyayana. This Sanskrit text is far more than a manual on positions - it's a comprehensive guide to living a virtuous and pleasurable life, covering everything from courtship to the art of kissing.",
    "points_easy": 10,
    "points_medium": 20,
    "points_hard": 30,
    "order": 1,
    "created_at": "2025-10-06T15:02:08.552Z"
  }
},
{
  "model": "trivia.triviaquestion",
  "pk": 10,
  "fields": {
    "daily_trivia": 4,
    "question_text": "What flower, often associated with passion and romance, was said to be Aphrodite's favorite?",
    "question_type": "multiple_choice",
    "difficulty": "easy",
    "option_a": "",
    "option_b": "",
    "option_c": "",
    "option_d": "",
    "options": {
      "A": "Rose",
      "B": "Lily",
      "C": "Orchid",
      "D": "Tulip"
    },
    "correct_answer": "A",
    "explanation": "The rose has been the symbol of love since ancient times. According to Greek mythology, when Aphrodite emerged from sea foam, roses bloomed wherever she stepped. Red roses specifically symbolize passionate love, while white roses represent purity.",
    "points_easy": 10,
    "points_medium": 20,
    "points_hard": 30,
    "order": 2,
    "created_at": "2025-10-06T15:02:08.558Z"
  }
},
{
  "model": "trivia.triviaquestion",
  "pk": 11,
  "fields": {
    "daily_trivia": 4,
    "question_text": "True or False: Chocolate contains phenylethylamine, the same chemical the brain produces when falling in love.",
    "question_type": "true_false",
    "difficulty": "easy",
    "option_a": "",
    "option_b": "",
    "option_c": "",
    "option_d": "",
    "options": null,
    "correct_answer": "True",
    "explanation": "This is absolutely true! Phenylethylamine (PEA) is known as the \"love chemical\" because your brain releases it when you fall in love. Chocolate contains this compound, which is why it's often given as a romantic gift and why we crave it when we're feeling lonely.",
    "points_easy": 10,
    "points_medium": 20,
    "points_hard": 30,
    "order": 3,
    "created_at": "2025-10-06T15:02:08.563Z"
  }
},
{
  "model": "trivia.triviaquestion",
  "pk": 12,
  "fields": {
    "daily_trivia": 4,
    "question_text": "Which famous lover was known for documenting his numerous romantic conquests in detailed memoirs?",
    "question_type": "multiple_choice",
    "difficulty": "easy",
    "option_a": "",
    "option_b": "",
    "option_c": "",
    "option_d": "",
    "options": {
      "A": "Don Juan",
      "B": "Casanova",
      "C": "Romeo",
      "D": "Paris"
    },
    "correct_answer": "B",
    "explanation": "Giacomo Casanova (1725-1798) wrote a 12-volume autobiography detailing his adventures across Europe. His name has become synonymous with the art of seduction. Unlike the fictional Don Juan, Casanova was a real person who charmed his way through 18th-century high society.",
    "points_easy": 10,
    "points_medium": 20,
    "points_hard": 30,
    "order": 4,
    "created_at": "2025-10-06T15:02:08.570Z"
  }
},
{
  "model": "trivia.triviaquestion",
  "pk": 13,
  "fields": {
    "daily_trivia": 4,
    "question_text": "What is the scientific term for the study of kissing?",
    "question_type": "multiple_choice",
    "difficulty": "easy",
    "option_a": "",
    "option_b": "",
    "option_c": "",
    "option_d": "",
    "options": {
      "A": "Osculation",
      "B": "Philematology",
      "C": "Labiology",
      "D": "Smackerology"
    },
    "correct_answer": "B",
    "explanation": "Philematology is the scientific study of kissing. Research shows that kissing releases oxytocin (the bonding hormone), reduces stress, and can even boost your immune system. The average person spends about 20,160 minutes kissing in their lifetime!",
    "points_easy": 10,
    "points_medium": 20,
    "points_hard": 30,
    "order": 5,
    "created_at": "2025-10-06T15:02:08.576Z"
  }
},
{
  "model": "trivia.triviaquestion",
  "pk": 14,
  "fields": {
    "daily_trivia": 4,
    "question_text": "In Victorian England, lovers used the \"language of flowers\" to send secret messages. What did giving someone lavender signify?",
    "question_type": "multiple_choice",
    "difficulty": "medium",
    "option_a": "",
    "option_b": "",
    "option_c": "",
    "option_d": "",
    "options": {
      "A": "Passionate love",
      "B": "Distrust",
      "C": "Devotion and virtue",
      "D": "A secret affair"
    },
    "correct_answer": "B",
    "explanation": "Surprisingly, lavender meant distrust in the Victorian language of flowers! While today we associate lavender with relaxation and purity, Victorians used it to say \"I don't trust you.\" Red roses meant love, yellow roses meant jealousy, and striped carnations meant \"I cannot be with you.\"",
    "points_easy": 10,
    "points_medium": 20,
    "points_hard": 30,
    "order": 6,
    "created_at": "2025-10-06T15:02:08.581Z"
  }
},
{
  "model": "trivia.triviaquestion",
  "pk": 15,
  "fields": {
    "daily_trivia": 4,
    "question_text": "True or False: The ancient Romans held a festival called Lupercalia, which inspired modern Valentine's Day.",
    "question_type": "true_false",
    "difficulty": "medium",
    "option_a": "",
    "option_b": "",
    "option_c": "",
    "option_d": "",
    "options": null,
    "correct_answer": "True",
    "explanation": "Lupercalia was a wild fertility festival held every February 15th in ancient Rome. Men would sacrifice animals, then playfully whip women with the hides (believed to promote fertility). When Christianity spread, Pope Gelasius I replaced it with St. Valentine's Day, making it more... civilized.",
    "points_easy": 10,
    "points_medium": 20,
    "points_hard": 30,
    "order": 7,
    "created_at": "2025-10-06T15:02:08.587Z"
  }
},
{
  "model": "trivia.triviaquestion",
  "pk": 16,
  "fields": {
    "daily_trivia": 4,
    "question_text": "Which aphrodisiac food was once so prized that Montezuma reportedly consumed 50 cups of it daily before visiting his harem?",
    "question_type": "multiple_choice",
    "difficulty": "medium",
    "option_a": "",
    "option_b": "",
    "option_c": "",
    "option_d": "",
    "options": {
      "A": "Wine",
      "B": "Chocolate",
      "C": "Oysters",
      "D": "Honey"
    },
    "correct_answer": "B",
    "explanation": "Montezuma II, the Aztec emperor, was said to drink up to 50 cups of chocolate (xocolatl) daily from golden goblets before visiting his wives. The Aztecs believed chocolate gave them stamina and vigor. They weren't entirely wrong - chocolate contains compounds that boost mood and energy!",
    "points_easy": 10,
    "points_medium": 20,
    "points_hard": 30,
    "order": 8,
    "created_at": "2025-10-06T15:02:08.593Z"
  }
},
{
  "model": "trivia.triviaquestion",
  "pk": 17,
  "fields": {
    "daily_trivia": 4,
    "question_text": "What percentage of the human body is considered an erogenous zone, capable of sexual arousal when stimulated?",
    "question_type": "multiple_choice",
    "difficulty": "medium",
    "option_a": "",
    "option_b": "",
    "option_c": "",
    "option_d": "",
    "options": {
      "A": "25%",
      "B": "50%",
      "C": "75%",
      "D": "100%"
    },
    "correct_answer": "D",
    "explanation": "The entire body can be an erogenous zone! While certain areas (lips, neck, ears, etc.) are more sensitive due to higher concentrations of nerve endings, sexual arousal is deeply connected to the brain. Context, mood, and individual preference mean any part of the body can become sensual.",
    "points_easy": 10,
    "points_medium": 20,
    "points_hard": 30,
    "order": 9,
    "created_at": "2025-10-06T15:02:08.599Z"
  }
},
{
  "model": "trivia.triviaquestion",
  "pk": 18,
  "fields": {
    "daily_trivia": 4,
    "question_text": "True or False: The word \"pornography\" comes from the Greek words \"porne\" (prostitute) and \"graphein\" (to write).",
    "question_type": "true_false",
    "difficulty": "medium",
    "option_a": "",
    "option_b": "",
    "option_c": "",
    "option_d": "",
    "options": null,
    "correct_answer": "True",
    "explanation": "Absolutely correct! The term literally means \"writing about prostitutes.\" It was first used in the 1800s to describe ancient Roman and Greek erotic art discovered in Pompeii. The word didn't become commonly used until the Victorian era when scholars needed a \"respectable\" term for such materials.",
    "points_easy": 10,
    "points_medium": 20,
    "points_hard": 30,
    "order": 10,
    "created_at": "2025-10-06T15:02:08.606Z"
  }
},
{
  "model": "trivia.triviaquestion",
  "pk": 19,
  "fields": {
    "daily_trivia": 4,
    "question_text": "Which famous French courtesan inspired Alexandre Dumas fils' novel \"La Dame aux Camélias,\" later adapted into Verdi's opera \"La Traviata\"?",
    "question_type": "multiple_choice",
    "difficulty": "hard",
    "option_a": "",
    "option_b": "",
    "option_c": "",
    "option_d": "",
    "options": {
      "A": "Madame de Pompadour",
      "B": "Marie Duplessis",
      "C": "La Belle Otero",
      "D": "Émilienne d'Alençon"
    },
    "correct_answer": "B",
    "explanation": "Marie Duplessis was a legendary Parisian courtesan who captivated high society in the 1840s. She died of tuberculosis at just 23, but not before inspiring Dumas (her former lover) to immortalize her as Marguerite Gautier. Her tragic life became the basis for one of opera's most beloved works.",
    "points_easy": 10,
    "points_medium": 20,
    "points_hard": 30,
    "order": 11,
    "created_at": "2025-10-06T15:02:08.611Z"
  }
},
{
  "model": "trivia.triviaquestion",
  "pk": 20,
  "fields": {
    "daily_trivia": 4,
    "question_text": "In Freudian psychology, what term describes the unconscious sexual desire a child feels toward the opposite-sex parent?",
    "question_type": "multiple_choice",
    "difficulty": "hard",
    "option_a": "",
    "option_b": "",
    "option_c": "",
    "option_d": "",
    "options": {
      "A": "Electra Complex",
      "B": "Oedipus Complex",
      "C": "Both A and B",
      "D": "Neither A nor B"
    },
    "correct_answer": "C",
    "explanation": "Both terms are correct! Freud's Oedipus Complex describes a boy's attachment to his mother, while Carl Jung later coined the Electra Complex for a girl's attachment to her father. While modern psychology largely dismisses these theories, they remain influential in understanding childhood development and adult relationships.",
    "points_easy": 10,
    "points_medium": 20,
    "points_hard": 30,
    "order": 12,
    "created_at": "2025-10-06T15:02:08.618Z"
  }
},
{
  "model": "trivia.triviaquestion",
  "pk": 21,
  "fields": {
    "daily_trivia": 4,
    "question_text": "True or False: The \"G-spot\" is named after gynecologist Ernst Gräfenberg, who first described it in 1950.",
    "question_type": "true_false",
    "difficulty": "hard",
    "option_a": "",
    "option_b": "",
    "option_c": "",
    "option_d": "",
    "options": null,
    "correct_answer": "True",
    "explanation": "Correct! German gynecologist Ernst Gräfenberg published research in 1950 about an erogenous zone on the anterior vaginal wall. The \"Gräfenberg spot\" (later shortened to G-spot) became widely known in the 1980s. However, its existence remains debated in medical circles, with some researchers suggesting it's part of the clitoral complex.",
    "points_easy": 10,
    "points_medium": 20,
    "points_hard": 30,
    "order": 13,
    "created_at": "2025-10-06T15:02:08.623Z"
  }
},
{
  "model": "trivia.triviaquestion",
  "pk": 22,
  "fields": {
    "daily_trivia": 4,
    "question_text": "Which 18th-century libertine novel, written by the Marquis de Sade, gave us the word \"sadism\"?",
    "question_type": "multiple_choice",
    "difficulty": "hard",
    "option_a": "",
    "option_b": "",
    "option_c": "",
    "option_d": "",
    "options": {
      "A": "Justine",
      "B": "The 120 Days of Sodom",
      "C": "Philosophy in the Bedroom",
      "D": "All of the above"
    },
    "correct_answer": "D",
    "explanation": "All three works contributed to the Marquis de Sade's infamous reputation! The term \"sadism\" (deriving pleasure from inflicting pain) comes directly from his name. De Sade spent 32 years in prisons and asylums for his writings and alleged crimes. His works explored the darkest corners of human desire and remain controversial today.",
    "points_easy": 10,
    "points_medium": 20,
    "points_hard": 30,
    "order": 14,
    "created_at": "2025-10-06T15:02:08.629Z"
  }
},
{
  "model": "trivia.triviaquestion",
  "pk": 23,
  "fields": {
    "daily_trivia": 4,
    "question_text": "What ancient contraceptive method involved women inserting crocodile dung mixed with honey into the vagina?",
    "question_type": "multiple_choice",
    "difficulty": "hard",
    "option_a": "",
    "option_b": "",
    "option_c": "",
    "option_d": "",
    "options": {
      "A": "Ancient Egyptian method",
      "B": "Ancient Chinese method",
      "C": "Ancient Greek method",
      "D": "Ancient Babylonian method"
    },
    "correct_answer": "A",
    "explanation": "Ancient Egyptians used this rather... pungent contraceptive around 1850 BCE! The acidic nature of crocodile dung supposedly killed sperm, while the sticky honey acted as a barrier. Other Egyptian methods included acacia leaves (which contain spermicidal lactic acid) and pessaries made from various animal dung. Thank goodness for modern medicine!",
    "points_easy": 10,
    "points_medium": 20,
    "points_hard": 30,
    "order": 15,
    "created_at": "2025-10-06T15:02:08.635Z"
  }
},
{
  "model": "trivia.triviagamesession",
  "pk": 6,
  "fields": {
    "user": [
      "adamd"
    ],
    "daily_trivia": 7,
    "status": "completed",
    "score": 170,
    "time_taken_seconds": 159,
    "started_at": "2025-10-07T12:20:59.796Z",
    "completed_at": "2025-10-07T12:23:39.350Z"
  }
},
{
  "model": "trivia.triviagamesession",
  "pk": 4,
  "fields": {
    "user": [
      "bobby"
    ],
    "daily_trivia": 4,
    "status": "completed",
    "score": 120,
    "time_taken_seconds": 143,
    "started_at": "2025-10-06T15:14:12.379Z",
    "completed_at": "2025-10-06T15:16:35.691Z"
  }
},
{
  "model": "trivia.triviagamesession",
  "pk": 5,
  "fields": {
    "user": [
      "devon69"
    ],
    "daily_trivia": 4,
    "status": "completed",
    "score": 30,
    "time_taken_seconds": 307,
    "started_at": "2025-10-06T15:26:50.391Z",
    "completed_at": "2025-10-06T15:32:00.462Z"
  }
},
{
  "model": "trivia.triviagamesession",
  "pk": 3,
  "fields": {
    "user": [
      "adamd"
    ],
    "daily_trivia": 4,
    "status": "in_progress",
    "score": 0,
    "time_taken_seconds": 0,
    "started_at": "2025-10-06T15:11:12.376Z",
    "completed_at": null
  }
},
{
  "model": "trivia.triviaanswer",
  "pk": 7,
  "fields": {
    "session": 4,
    "question": 9,
    "user_answer": "A",
    "is_correct": false,
    "points_earned": 0,
    "time_taken_seconds": 8,
    "answered_at": "2025-10-06T15:14:20.915Z"
  }
},
{
  "model": "trivia.triviaanswer",
  "pk": 8,
  "fields": {
    "session": 4,
    "question": 10,
    "user_answer": "C",
    "is_correct": false,
    "points_earned": 0,
    "time_taken_seconds": 7,
    "answered_at": "2025-10-06T15:14:31.395Z"
  }
},
{
  "model": "trivia.triviaanswer",
  "pk": 9,
  "fields": {
    "session": 4,
    "question": 11,
    "user_answer": "False",
    "is_correct": false,
    "points_earned": 0,
    "time_taken_seconds": 7,
    "answered_at": "2025-10-06T15:14:41.644Z"
  }
},
{
  "model": "trivia.triviaanswer",
  "pk": 10,
  "fields": {
    "session": 4,
    "question": 12,
    "user_answer": "B",
    "is_correct": true,
    "points_earned": 10,
    "time_taken_seconds": 8,
    "answered_at": "2025-10-06T15:14:52.880Z"
  }
},
{
  "model": "trivia.triviaanswer",
  "pk": 11,
  "fields": {
    "session": 4,
    "question": 13,
    "user_answer": "C",
    "is_correct": false,
    "points_earned": 0,
    "time_taken_seconds": 7,
    "answered_at": "2025-10-06T15:15:02.998Z"
  }
},
{
  "model": "trivia.triviaanswer",
  "pk": 12,
  "fields": {
    "session": 4,
    "question": 14,
    "user_answer": "B",
    "is_correct": true,
    "points_earned": 20,
    "time_taken_seconds": 3,
    "answered_at": "2025-10-06T15:15:09.440Z"
  }
},
{
  "model": "trivia.triviaanswer",
  "pk": 13,
  "fields": {
    "session": 4,
    "question": 15,
    "user_answer": "True",
    "is_correct": true,
    "points_earned": 20,
    "time_taken_seconds": 5,
    "answered_at": "2025-10-06T15:15:18.392Z"
  }
},
{
  "model": "trivia.triviaanswer",
  "pk": 14,
  "fields": {
    "session": 4,
    "question": 16,
    "user_answer": "B",
    "is_correct": true,
    "points_earned": 20,
    "time_taken_seconds": 9,
    "answered_at": "2025-10-06T15:15:30.552Z"
  }
},
{
  "model": "trivia.triviaanswer",
  "pk": 15,
  "fields": {
    "session": 4,
    "question": 17,
    "user_answer": "A",
    "is_correct": false,
    "points_earned": 0,
    "time_taken_seconds": 6,
    "answered_at": "2025-10-06T15:15:40.399Z"
  }
},
{
  "model": "trivia.triviaanswer",
  "pk": 16,
  "fields": {
    "session": 4,
    "question": 18,
    "user_answer": "True",
    "is_correct": true,
    "points_earned": 20,
    "time_taken_seconds": 8,
    "answered_at": "2025-10-06T15:15:51.470Z"
  }
},
{
  "model": "trivia.triviaanswer",
  "pk": 17,
  "fields": {
    "session": 4,
    "question": 19,
    "user_answer": "C",
    "is_correct": false,
    "points_earned": 0,
    "time_taken_seconds": 5,
    "answered_at": "2025-10-06T15:15:59.871Z"
  }
},
{
  "model": "trivia.triviaanswer",
  "pk": 18,
  "fields": {
    "session": 4,
    "question": 20,
    "user_answer": "A",
    "is_correct": false,
    "points_earned": 0,
    "time_taken_seconds": 4,
    "answered_at": "2025-10-06T15:16:07.855Z"
  }
},
{
  "model": "trivia.triviaanswer",
  "pk": 19,
  "fields": {
    "session": 4,
    "question": 21,
    "user_answer": "True",
    "is_correct": true,
    "points_earned": 30,
    "time_taken_seconds": 7,
    "answered_at": "2025-10-06T15:16:18.018Z"
  }
},
{
  "model": "trivia.triviaanswer",
  "pk": 20,
  "fields": {
    "session": 4,
    "question": 22,
    "user_answer": "C",
    "is_correct": false,
    "points_earned": 0,
    "time_taken_seconds": 4,
    "answered_at": "2025-10-06T15:16:25.244Z"
  }
},
{
  "model": "trivia.triviaanswer",
  "pk": 21,
  "fields": {
    "session": 4,
    "question": 23,
    "user_answer": "B",
    "is_correct": false,
    "points_earned": 0,
    "time_taken_seconds": 4,
    "answered_at": "2025-10-06T15:16:32.652Z"
  }
},
{
  "model": "trivia.triviaanswer",
  "pk": 22,
  "fields": {
    "session": 5,
    "question": 9,
    "user_answer": "B",
    "is_correct": true,
    "points_earned": 10,
    "time_taken_seconds": 6,
    "answered_at": "2025-10-06T15:26:56.787Z"
  }
},
{
  "model": "trivia.triviaanswer",
  "pk": 23,
  "fields": {
    "session": 5,
    "question": 10,
    "user_answer": "B",
    "is_correct": false,
    "points_earned": 0,
    "time_taken_seconds": 2,
    "answered_at": "2025-10-06T15:27:02.777Z"
  }
},
{
  "model": "trivia.triviaanswer",
  "pk": 24,
  "fields": {
    "session": 5,
    "question": 11,
    "user_answer": "True",
    "is_correct": true,
    "points_earned": 10,
    "time_taken_seconds": 4,
    "answered_at": "2025-10-06T15:27:10.687Z"
  }
},
{
  "model": "trivia.triviaanswer",
  "pk": 25,
  "fields": {
    "session": 5,
    "question": 12,
    "user_answer": "B",
    "is_correct": true,
    "points_earned": 10,
    "time_taken_seconds": 4,
    "answered_at": "2025-10-06T15:27:17.823Z"
  }
},
{
  "model": "trivia.triviaanswer",
  "pk": 26,
  "fields": {
    "session": 6,
    "question": 39,
    "user_answer": "B",
    "is_correct": false,
    "points_earned": 0,
    "time_taken_seconds": 12,
    "answered_at": "2025-10-07T12:21:25.359Z"
  }
},
{
  "model": "trivia.triviaanswer",
  "pk": 27,
  "fields": {
    "session": 6,
    "question": 39,
    "user_answer": "B",
    "is_correct": false,
    "points_earned": 0,
    "time_taken_seconds": 15,
    "answered_at": "2025-10-07T12:21:25.359Z"
  }
},
{
  "model": "trivia.triviaanswer",
  "pk": 28,
  "fields": {
    "session": 6,
    "question": 40,
    "user_answer": "B",
    "is_correct": true,
    "points_earned": 10,
    "time_taken_seconds": 12,
    "answered_at": "2025-10-07T12:21:41.291Z"
  }
},
{
  "model": "trivia.triviaanswer",
  "pk": 29,
  "fields": {
    "session": 6,
    "question": 41,
    "user_answer": "True",
    "is_correct": true,
    "points_earned": 10,
    "time_taken_seconds": 4,
    "answered_at": "2025-10-07T12:21:48.751Z"
  }
},
{
  "model": "trivia.triviaanswer",
  "pk": 30,
  "fields": {
    "session": 6,
    "question": 42,
    "user_answer": "B",
    "is_correct": false,
    "points_earned": 0,
    "time_taken_seconds": 7,
    "answered_at": "2025-10-07T12:21:59.204Z"
  }
},
{
  "model": "trivia.triviaanswer",
  "pk": 31,
  "fields": {
    "session": 6,
    "question": 43,
    "user_answer": "C",
    "is_correct": false,
    "points_earned": 0,
    "time_taken_seconds": 6,
    "answered_at": "2025-10-07T12:22:09.125Z"
  }
},
{
  "model": "trivia.triviaanswer",
  "pk": 32,
  "fields": {
    "session": 6,
    "question": 44,
    "user_answer": "A",
    "is_correct": false,
    "points_earned": 0,
    "time_taken_seconds": 7,
    "answered_at": "2025-10-07T12:22:19.964Z"
  }
},
{
  "model": "trivia.triviaanswer",
  "pk": 33,
  "fields": {
    "session": 6,
    "question": 45,
    "user_answer": "True",
    "is_correct": true,
    "points_earned": 20,
    "time_taken_seconds": 8,
    "answered_at": "2025-10-07T12:22:31.086Z"
  }
},
{
  "model": "trivia.triviaanswer",
  "pk": 34,
  "fields": {
    "session": 6,
    "question": 46,
    "user_answer": "C",
    "is_correct": false,
    "points_earned": 0,
    "time_taken_seconds": 12,
    "answered_at": "2025-10-07T12:22:46.947Z"
  }
},
{
  "model": "trivia.triviaanswer",
  "pk": 35,
  "fields": {
    "session": 6,
    "question": 47,
    "user_answer": "C",
    "is_correct": true,
    "points_earned": 20,
    "time_taken_seconds": 3,
    "answered_at": "2025-10-07T12:22:53.338Z"
  }
},
{
  "model": "trivia.triviaanswer",
  "pk": 36,
  "fields": {
    "session": 6,
    "question": 48,
    "user_answer": "True",
    "is_correct": true,
    "points_earned": 20,
    "time_taken_seconds": 3,
    "answered_at": "2025-10-07T12:23:00.291Z"
  }
},
{
  "model": "trivia.triviaanswer",
  "pk": 37,
  "fields": {
    "session": 6,
    "question": 49,
    "user_answer": "C",
    "is_correct": false,
    "points_earned": 0,
    "time_taken_seconds": 3,
    "answered_at": "2025-10-07T12:23:07.342Z"
  }
},
{
  "model": "trivia.triviaanswer",
  "pk": 38,
  "fields": {
    "session": 6,
    "question": 50,
    "user_answer": "C",
    "is_correct": true,
    "points_earned": 30,
    "time_taken_seconds": 2,
    "answered_at": "2025-10-07T12:23:13.189Z"
  }
},
{
  "model": "trivia.triviaanswer",
  "pk": 39,
  "fields": {
    "session": 6,
    "question": 51,
    "user_answer": "True",
    "is_correct": true,
    "points_earned": 30,
    "time_taken_seconds": 4,
    "answered_at": "2025-10-07T12:23:20.683Z"
  }
},
{
  "model": "trivia.triviaanswer",
  "pk": 40,
  "fields": {
    "session": 6,
    "question": 52,
    "user_answer": "C",
    "is_correct": false,
    "points_earned": 0,
    "time_taken_seconds": 4,
    "answered_at": "2025-10-07T12:23:27.932Z"
  }
},
{
  "model": "trivia.triviaanswer",
  "pk": 41,
  "fields": {
    "session": 6,
    "question": 53,
    "user_answer": "C",
    "is_correct": true,
    "points_earned": 30,
    "time_taken_seconds": 4,
    "answered_at": "2025-10-07T12:23:35.983Z"
  }
},
{
  "model": "trivia.usertriviastats",
  "pk": 1,
  "fields": {
    "user": [
      "bobby"
    ],
    "total_games_played": 1,
    "total_points_earned": 110,
    "first_place_finishes": 1,
    "second_place_finishes": 0,
    "third_place_finishes": 0,
    "available_points": 110,
    "current_streak": 0,
    "longest_streak": 0,
    "last_played_date": "2025-10-06",
    "perfect_games": 0,
    "updated_at": "2025-10-06T15:16:35.714Z"
  }
},
{
  "model": "trivia.usertriviastats",
  "pk": 2,
  "fields": {
    "user": [
      "adamd"
    ],
    "total_games_played": 2,
    "total_points_earned": 220,
    "first_place_finishes": 2,
    "second_place_finishes": 0,
    "third_place_finishes": 0,
    "available_points": 220,
    "current_streak": 0,
    "longest_streak": 0,
    "last_played_date": "2025-10-07",
    "perfect_games": 0,
    "updated_at": "2025-10-07T12:23:39.379Z"
  }
},
{
  "model": "trivia.usertriviastats",
  "pk": 3,
  "fields": {
    "user": [
      "devon69"
    ],
    "total_games_played": 1,
    "total_points_earned": 60,
    "first_place_finishes": 0,
    "second_place_finishes": 1,
    "third_place_finishes": 0,
    "available_points": 60,
    "current_streak": 0,
    "longest_streak": 0,
    "last_played_date": "2025-10-06",
    "perfect_games": 0,
    "updated_at": "2025-10-06T15:32:00.492Z"
  }
}
]
